nama_variabel;nama_variabel_turunan;nama_tahun;nama_turunan_tahun;data_content;nama_item_vertical_variabel
"Upah Minimum Regional/Propinsi";"Tidak Ada";1997;Tahun;128000;ACEH
"Upah Minimum Regional/Propinsi";"Tidak Ada";1997;Tahun;151000;"SUMATERA UTARA"
"Upah Minimum Regional/Propinsi";"Tidak Ada";1997;Tahun;119000;"SUMATERA BARAT"
"Upah Minimum Regional/Propinsi";"Tidak Ada";1997;Tahun;151500;RIAU
"Upah Minimum Regional/Propinsi";"Tidak Ada";1997;Tahun;119500;JAMBI
"Upah Minimum Regional/Propinsi";"Tidak Ada";1997;Tahun;127500;"SUMATERA SELATAN"
"Upah Minimum Regional/Propinsi";"Tidak Ada";1997;Tahun;127500;BENGKULU
"Upah Minimum Regional/Propinsi";"Tidak Ada";1997;Tahun;126000;LAMPUNG
"Upah Minimum Regional/Propinsi";"Tidak Ada";1997;Tahun;-;"KEP. BANGKA BELITUNG"
"Upah Minimum Regional/Propinsi";"Tidak Ada";1997;Tahun;235000;"KEP. RIAU"
"Upah Minimum Regional/Propinsi";"Tidak Ada";1997;Tahun;172500;"DKI JAKARTA"
"Upah Minimum Regional/Propinsi";"Tidak Ada";1997;Tahun;172500;"JAWA BARAT"
"Upah Minimum Regional/Propinsi";"Tidak Ada";1997;Tahun;113000;"JAWA TENGAH"
"Upah Minimum Regional/Propinsi";"Tidak Ada";1997;Tahun;106500;"DI YOGYAKARTA"
"Upah Minimum Regional/Propinsi";"Tidak Ada";1997;Tahun;132500;"JAWA TIMUR"
"Upah Minimum Regional/Propinsi";"Tidak Ada";1997;Tahun;-;BANTEN
"Upah Minimum Regional/Propinsi";"Tidak Ada";1997;Tahun;141500;BALI
"Upah Minimum Regional/Propinsi";"Tidak Ada";1997;Tahun;108000;"NUSA TENGGARA BARAT"
"Upah Minimum Regional/Propinsi";"Tidak Ada";1997;Tahun;106000;"NUSA TENGGARA TIMUR"
"Upah Minimum Regional/Propinsi";"Tidak Ada";1997;Tahun;126500;"KALIMANTAN BARAT"
"Upah Minimum Regional/Propinsi";"Tidak Ada";1997;Tahun;138000;"KALIMANTAN TENGAH"
"Upah Minimum Regional/Propinsi";"Tidak Ada";1997;Tahun;125000;"KALIMANTAN SELATAN"
"Upah Minimum Regional/Propinsi";"Tidak Ada";1997;Tahun;153000;"KALIMANTAN TIMUR"
"Upah Minimum Regional/Propinsi";"Tidak Ada";1997;Tahun;-;"KALIMANTAN UTARA"
"Upah Minimum Regional/Propinsi";"Tidak Ada";1997;Tahun;118000;"SULAWESI UTARA"
"Upah Minimum Regional/Propinsi";"Tidak Ada";1997;Tahun;106500;"SULAWESI TENGAH"
"Upah Minimum Regional/Propinsi";"Tidak Ada";1997;Tahun;112500;"SULAWESI SELATAN"
"Upah Minimum Regional/Propinsi";"Tidak Ada";1997;Tahun;121000;"SULAWESI TENGGARA"
"Upah Minimum Regional/Propinsi";"Tidak Ada";1997;Tahun;-;GORONTALO
"Upah Minimum Regional/Propinsi";"Tidak Ada";1997;Tahun;-;"SULAWESI BARAT"
"Upah Minimum Regional/Propinsi";"Tidak Ada";1997;Tahun;136000;MALUKU
"Upah Minimum Regional/Propinsi";"Tidak Ada";1997;Tahun;-;"MALUKU UTARA"
"Upah Minimum Regional/Propinsi";"Tidak Ada";1997;Tahun;-;"PAPUA BARAT"
"Upah Minimum Regional/Propinsi";"Tidak Ada";1997;Tahun;170000;PAPUA
"Upah Minimum Regional/Propinsi";"Tidak Ada";1997;Tahun;135000;INDONESIA
"Upah Minimum Regional/Propinsi";"Tidak Ada";1998;Tahun;147000;ACEH
"Upah Minimum Regional/Propinsi";"Tidak Ada";1998;Tahun;174000;"SUMATERA UTARA"
"Upah Minimum Regional/Propinsi";"Tidak Ada";1998;Tahun;137000;"SUMATERA BARAT"
"Upah Minimum Regional/Propinsi";"Tidak Ada";1998;Tahun;174000;RIAU
"Upah Minimum Regional/Propinsi";"Tidak Ada";1998;Tahun;137500;JAMBI
"Upah Minimum Regional/Propinsi";"Tidak Ada";1998;Tahun;146500;"SUMATERA SELATAN"
"Upah Minimum Regional/Propinsi";"Tidak Ada";1998;Tahun;146500;BENGKULU
"Upah Minimum Regional/Propinsi";"Tidak Ada";1998;Tahun;145000;LAMPUNG
"Upah Minimum Regional/Propinsi";"Tidak Ada";1998;Tahun;146500;"KEP. BANGKA BELITUNG"
"Upah Minimum Regional/Propinsi";"Tidak Ada";1998;Tahun;174000;"KEP. RIAU"
"Upah Minimum Regional/Propinsi";"Tidak Ada";1998;Tahun;198500;"DKI JAKARTA"
"Upah Minimum Regional/Propinsi";"Tidak Ada";1998;Tahun;176800;"JAWA BARAT"
"Upah Minimum Regional/Propinsi";"Tidak Ada";1998;Tahun;130000;"JAWA TENGAH"
"Upah Minimum Regional/Propinsi";"Tidak Ada";1998;Tahun;122500;"DI YOGYAKARTA"
"Upah Minimum Regional/Propinsi";"Tidak Ada";1998;Tahun;143000;"JAWA TIMUR"
"Upah Minimum Regional/Propinsi";"Tidak Ada";1998;Tahun;176800;BANTEN
"Upah Minimum Regional/Propinsi";"Tidak Ada";1998;Tahun;162500;BALI
"Upah Minimum Regional/Propinsi";"Tidak Ada";1998;Tahun;124000;"NUSA TENGGARA BARAT"
"Upah Minimum Regional/Propinsi";"Tidak Ada";1998;Tahun;122500;"NUSA TENGGARA TIMUR"
"Upah Minimum Regional/Propinsi";"Tidak Ada";1998;Tahun;145500;"KALIMANTAN BARAT"
"Upah Minimum Regional/Propinsi";"Tidak Ada";1998;Tahun;158500;"KALIMANTAN TENGAH"
"Upah Minimum Regional/Propinsi";"Tidak Ada";1998;Tahun;144000;"KALIMANTAN SELATAN"
"Upah Minimum Regional/Propinsi";"Tidak Ada";1998;Tahun;176000;"KALIMANTAN TIMUR"
"Upah Minimum Regional/Propinsi";"Tidak Ada";1998;Tahun;-;"KALIMANTAN UTARA"
"Upah Minimum Regional/Propinsi";"Tidak Ada";1998;Tahun;135500;"SULAWESI UTARA"
"Upah Minimum Regional/Propinsi";"Tidak Ada";1998;Tahun;122500;"SULAWESI TENGAH"
"Upah Minimum Regional/Propinsi";"Tidak Ada";1998;Tahun;129500;"SULAWESI SELATAN"
"Upah Minimum Regional/Propinsi";"Tidak Ada";1998;Tahun;139000;"SULAWESI TENGGARA"
"Upah Minimum Regional/Propinsi";"Tidak Ada";1998;Tahun;135500;GORONTALO
"Upah Minimum Regional/Propinsi";"Tidak Ada";1998;Tahun;-;"SULAWESI BARAT"
"Upah Minimum Regional/Propinsi";"Tidak Ada";1998;Tahun;156500;MALUKU
"Upah Minimum Regional/Propinsi";"Tidak Ada";1998;Tahun;156500;"MALUKU UTARA"
"Upah Minimum Regional/Propinsi";"Tidak Ada";1998;Tahun;-;"PAPUA BARAT"
"Upah Minimum Regional/Propinsi";"Tidak Ada";1998;Tahun;195500;PAPUA
"Upah Minimum Regional/Propinsi";"Tidak Ada";1998;Tahun;150900;INDONESIA
"Upah Minimum Regional/Propinsi";"Tidak Ada";1999;Tahun;171000;ACEH
"Upah Minimum Regional/Propinsi";"Tidak Ada";1999;Tahun;210000;"SUMATERA UTARA"
"Upah Minimum Regional/Propinsi";"Tidak Ada";1999;Tahun;160000;"SUMATERA BARAT"
"Upah Minimum Regional/Propinsi";"Tidak Ada";1999;Tahun;218000;RIAU
"Upah Minimum Regional/Propinsi";"Tidak Ada";1999;Tahun;150000;JAMBI
"Upah Minimum Regional/Propinsi";"Tidak Ada";1999;Tahun;170000;"SUMATERA SELATAN"
"Upah Minimum Regional/Propinsi";"Tidak Ada";1999;Tahun;150000;BENGKULU
"Upah Minimum Regional/Propinsi";"Tidak Ada";1999;Tahun;160000;LAMPUNG
"Upah Minimum Regional/Propinsi";"Tidak Ada";1999;Tahun;170000;"KEP. BANGKA BELITUNG"
"Upah Minimum Regional/Propinsi";"Tidak Ada";1999;Tahun;218000;"KEP. RIAU"
"Upah Minimum Regional/Propinsi";"Tidak Ada";1999;Tahun;231000;"DKI JAKARTA"
"Upah Minimum Regional/Propinsi";"Tidak Ada";1999;Tahun;208800;"JAWA BARAT"
"Upah Minimum Regional/Propinsi";"Tidak Ada";1999;Tahun;153000;"JAWA TENGAH"
"Upah Minimum Regional/Propinsi";"Tidak Ada";1999;Tahun;130000;"DI YOGYAKARTA"
"Upah Minimum Regional/Propinsi";"Tidak Ada";1999;Tahun;170500;"JAWA TIMUR"
"Upah Minimum Regional/Propinsi";"Tidak Ada";1999;Tahun;208800;BANTEN
"Upah Minimum Regional/Propinsi";"Tidak Ada";1999;Tahun;187000;BALI
"Upah Minimum Regional/Propinsi";"Tidak Ada";1999;Tahun;145000;"NUSA TENGGARA BARAT"
"Upah Minimum Regional/Propinsi";"Tidak Ada";1999;Tahun;143000;"NUSA TENGGARA TIMUR"
"Upah Minimum Regional/Propinsi";"Tidak Ada";1999;Tahun;175000;"KALIMANTAN BARAT"
"Upah Minimum Regional/Propinsi";"Tidak Ada";1999;Tahun;195000;"KALIMANTAN TENGAH"
"Upah Minimum Regional/Propinsi";"Tidak Ada";1999;Tahun;166000;"KALIMANTAN SELATAN"
"Upah Minimum Regional/Propinsi";"Tidak Ada";1999;Tahun;194000;"KALIMANTAN TIMUR"
"Upah Minimum Regional/Propinsi";"Tidak Ada";1999;Tahun;-;"KALIMANTAN UTARA"
"Upah Minimum Regional/Propinsi";"Tidak Ada";1999;Tahun;155000;"SULAWESI UTARA"
"Upah Minimum Regional/Propinsi";"Tidak Ada";1999;Tahun;150000;"SULAWESI TENGAH"
"Upah Minimum Regional/Propinsi";"Tidak Ada";1999;Tahun;148000;"SULAWESI SELATAN"
"Upah Minimum Regional/Propinsi";"Tidak Ada";1999;Tahun;160000;"SULAWESI TENGGARA"
"Upah Minimum Regional/Propinsi";"Tidak Ada";1999;Tahun;155000;GORONTALO
"Upah Minimum Regional/Propinsi";"Tidak Ada";1999;Tahun;-;"SULAWESI BARAT"
"Upah Minimum Regional/Propinsi";"Tidak Ada";1999;Tahun;180000;MALUKU
"Upah Minimum Regional/Propinsi";"Tidak Ada";1999;Tahun;180000;"MALUKU UTARA"
"Upah Minimum Regional/Propinsi";"Tidak Ada";1999;Tahun;-;"PAPUA BARAT"
"Upah Minimum Regional/Propinsi";"Tidak Ada";1999;Tahun;225000;PAPUA
"Upah Minimum Regional/Propinsi";"Tidak Ada";1999;Tahun;175400;INDONESIA
"Upah Minimum Regional/Propinsi";"Tidak Ada";2000;Tahun;265000;ACEH
"Upah Minimum Regional/Propinsi";"Tidak Ada";2000;Tahun;254000;"SUMATERA UTARA"
"Upah Minimum Regional/Propinsi";"Tidak Ada";2000;Tahun;200000;"SUMATERA BARAT"
"Upah Minimum Regional/Propinsi";"Tidak Ada";2000;Tahun;250700;RIAU
"Upah Minimum Regional/Propinsi";"Tidak Ada";2000;Tahun;173000;JAMBI
"Upah Minimum Regional/Propinsi";"Tidak Ada";2000;Tahun;190000;"SUMATERA SELATAN"
"Upah Minimum Regional/Propinsi";"Tidak Ada";2000;Tahun;173000;BENGKULU
"Upah Minimum Regional/Propinsi";"Tidak Ada";2000;Tahun;192000;LAMPUNG
"Upah Minimum Regional/Propinsi";"Tidak Ada";2000;Tahun;190000;"KEP. BANGKA BELITUNG"
"Upah Minimum Regional/Propinsi";"Tidak Ada";2000;Tahun;300000;"KEP. RIAU"
"Upah Minimum Regional/Propinsi";"Tidak Ada";2000;Tahun;286000;"DKI JAKARTA"
"Upah Minimum Regional/Propinsi";"Tidak Ada";2000;Tahun;230000;"JAWA BARAT"
"Upah Minimum Regional/Propinsi";"Tidak Ada";2000;Tahun;185000;"JAWA TENGAH"
"Upah Minimum Regional/Propinsi";"Tidak Ada";2000;Tahun;194500;"DI YOGYAKARTA"
"Upah Minimum Regional/Propinsi";"Tidak Ada";2000;Tahun;214500;"JAWA TIMUR"
"Upah Minimum Regional/Propinsi";"Tidak Ada";2000;Tahun;230000;BANTEN
"Upah Minimum Regional/Propinsi";"Tidak Ada";2000;Tahun;214000;BALI
"Upah Minimum Regional/Propinsi";"Tidak Ada";2000;Tahun;180000;"NUSA TENGGARA BARAT"
"Upah Minimum Regional/Propinsi";"Tidak Ada";2000;Tahun;184000;"NUSA TENGGARA TIMUR"
"Upah Minimum Regional/Propinsi";"Tidak Ada";2000;Tahun;228000;"KALIMANTAN BARAT"
"Upah Minimum Regional/Propinsi";"Tidak Ada";2000;Tahun;285000;"KALIMANTAN TENGAH"
"Upah Minimum Regional/Propinsi";"Tidak Ada";2000;Tahun;200000;"KALIMANTAN SELATAN"
"Upah Minimum Regional/Propinsi";"Tidak Ada";2000;Tahun;233000;"KALIMANTAN TIMUR"
"Upah Minimum Regional/Propinsi";"Tidak Ada";2000;Tahun;-;"KALIMANTAN UTARA"
"Upah Minimum Regional/Propinsi";"Tidak Ada";2000;Tahun;186000;"SULAWESI UTARA"
"Upah Minimum Regional/Propinsi";"Tidak Ada";2000;Tahun;203000;"SULAWESI TENGAH"
"Upah Minimum Regional/Propinsi";"Tidak Ada";2000;Tahun;200000;"SULAWESI SELATAN"
"Upah Minimum Regional/Propinsi";"Tidak Ada";2000;Tahun;210000;"SULAWESI TENGGARA"
"Upah Minimum Regional/Propinsi";"Tidak Ada";2000;Tahun;186000;GORONTALO
"Upah Minimum Regional/Propinsi";"Tidak Ada";2000;Tahun;-;"SULAWESI BARAT"
"Upah Minimum Regional/Propinsi";"Tidak Ada";2000;Tahun;180000;MALUKU
"Upah Minimum Regional/Propinsi";"Tidak Ada";2000;Tahun;180000;"MALUKU UTARA"
"Upah Minimum Regional/Propinsi";"Tidak Ada";2000;Tahun;-;"PAPUA BARAT"
"Upah Minimum Regional/Propinsi";"Tidak Ada";2000;Tahun;315000;PAPUA
"Upah Minimum Regional/Propinsi";"Tidak Ada";2000;Tahun;216500;INDONESIA
"Upah Minimum Regional/Propinsi";"Tidak Ada";2001;Tahun;300000;ACEH
"Upah Minimum Regional/Propinsi";"Tidak Ada";2001;Tahun;340500;"SUMATERA UTARA"
"Upah Minimum Regional/Propinsi";"Tidak Ada";2001;Tahun;250000;"SUMATERA BARAT"
"Upah Minimum Regional/Propinsi";"Tidak Ada";2001;Tahun;329000;RIAU
"Upah Minimum Regional/Propinsi";"Tidak Ada";2001;Tahun;245000;JAMBI
"Upah Minimum Regional/Propinsi";"Tidak Ada";2001;Tahun;255000;"SUMATERA SELATAN"
"Upah Minimum Regional/Propinsi";"Tidak Ada";2001;Tahun;240000;BENGKULU
"Upah Minimum Regional/Propinsi";"Tidak Ada";2001;Tahun;240000;LAMPUNG
"Upah Minimum Regional/Propinsi";"Tidak Ada";2001;Tahun;255000;"KEP. BANGKA BELITUNG"
"Upah Minimum Regional/Propinsi";"Tidak Ada";2001;Tahun;421500;"KEP. RIAU"
"Upah Minimum Regional/Propinsi";"Tidak Ada";2001;Tahun;426300;"DKI JAKARTA"
"Upah Minimum Regional/Propinsi";"Tidak Ada";2001;Tahun;245000;"JAWA BARAT"
"Upah Minimum Regional/Propinsi";"Tidak Ada";2001;Tahun;245000;"JAWA TENGAH"
"Upah Minimum Regional/Propinsi";"Tidak Ada";2001;Tahun;237500;"DI YOGYAKARTA"
"Upah Minimum Regional/Propinsi";"Tidak Ada";2001;Tahun;220000;"JAWA TIMUR"
"Upah Minimum Regional/Propinsi";"Tidak Ada";2001;Tahun;245000;BANTEN
"Upah Minimum Regional/Propinsi";"Tidak Ada";2001;Tahun;309800;BALI
"Upah Minimum Regional/Propinsi";"Tidak Ada";2001;Tahun;240000;"NUSA TENGGARA BARAT"
"Upah Minimum Regional/Propinsi";"Tidak Ada";2001;Tahun;275000;"NUSA TENGGARA TIMUR"
"Upah Minimum Regional/Propinsi";"Tidak Ada";2001;Tahun;304500;"KALIMANTAN BARAT"
"Upah Minimum Regional/Propinsi";"Tidak Ada";2001;Tahun;362000;"KALIMANTAN TENGAH"
"Upah Minimum Regional/Propinsi";"Tidak Ada";2001;Tahun;295000;"KALIMANTAN SELATAN"
"Upah Minimum Regional/Propinsi";"Tidak Ada";2001;Tahun;300000;"KALIMANTAN TIMUR"
"Upah Minimum Regional/Propinsi";"Tidak Ada";2001;Tahun;-;"KALIMANTAN UTARA"
"Upah Minimum Regional/Propinsi";"Tidak Ada";2001;Tahun;372000;"SULAWESI UTARA"
"Upah Minimum Regional/Propinsi";"Tidak Ada";2001;Tahun;245000;"SULAWESI TENGAH"
"Upah Minimum Regional/Propinsi";"Tidak Ada";2001;Tahun;300000;"SULAWESI SELATAN"
"Upah Minimum Regional/Propinsi";"Tidak Ada";2001;Tahun;275000;"SULAWESI TENGGARA"
"Upah Minimum Regional/Propinsi";"Tidak Ada";2001;Tahun;372000;GORONTALO
"Upah Minimum Regional/Propinsi";"Tidak Ada";2001;Tahun;-;"SULAWESI BARAT"
"Upah Minimum Regional/Propinsi";"Tidak Ada";2001;Tahun;230000;MALUKU
"Upah Minimum Regional/Propinsi";"Tidak Ada";2001;Tahun;230000;"MALUKU UTARA"
"Upah Minimum Regional/Propinsi";"Tidak Ada";2001;Tahun;-;"PAPUA BARAT"
"Upah Minimum Regional/Propinsi";"Tidak Ada";2001;Tahun;400000;PAPUA
"Upah Minimum Regional/Propinsi";"Tidak Ada";2001;Tahun;290500;INDONESIA
"Upah Minimum Regional/Propinsi";"Tidak Ada";2002;Tahun;330000;ACEH
"Upah Minimum Regional/Propinsi";"Tidak Ada";2002;Tahun;464000;"SUMATERA UTARA"
"Upah Minimum Regional/Propinsi";"Tidak Ada";2002;Tahun;385000;"SUMATERA BARAT"
"Upah Minimum Regional/Propinsi";"Tidak Ada";2002;Tahun;394000;RIAU
"Upah Minimum Regional/Propinsi";"Tidak Ada";2002;Tahun;304000;JAMBI
"Upah Minimum Regional/Propinsi";"Tidak Ada";2002;Tahun;331500;"SUMATERA SELATAN"
"Upah Minimum Regional/Propinsi";"Tidak Ada";2002;Tahun;295000;BENGKULU
"Upah Minimum Regional/Propinsi";"Tidak Ada";2002;Tahun;310000;LAMPUNG
"Upah Minimum Regional/Propinsi";"Tidak Ada";2002;Tahun;345000;"KEP. BANGKA BELITUNG"
"Upah Minimum Regional/Propinsi";"Tidak Ada";2002;Tahun;-;"KEP. RIAU"
"Upah Minimum Regional/Propinsi";"Tidak Ada";2002;Tahun;591300;"DKI JAKARTA"
"Upah Minimum Regional/Propinsi";"Tidak Ada";2002;Tahun;280800;"JAWA BARAT"
"Upah Minimum Regional/Propinsi";"Tidak Ada";2002;Tahun;314500;"JAWA TENGAH"
"Upah Minimum Regional/Propinsi";"Tidak Ada";2002;Tahun;321800;"DI YOGYAKARTA"
"Upah Minimum Regional/Propinsi";"Tidak Ada";2002;Tahun;245000;"JAWA TIMUR"
"Upah Minimum Regional/Propinsi";"Tidak Ada";2002;Tahun;360000;BANTEN
"Upah Minimum Regional/Propinsi";"Tidak Ada";2002;Tahun;341000;BALI
"Upah Minimum Regional/Propinsi";"Tidak Ada";2002;Tahun;320000;"NUSA TENGGARA BARAT"
"Upah Minimum Regional/Propinsi";"Tidak Ada";2002;Tahun;330000;"NUSA TENGGARA TIMUR"
"Upah Minimum Regional/Propinsi";"Tidak Ada";2002;Tahun;380000;"KALIMANTAN BARAT"
"Upah Minimum Regional/Propinsi";"Tidak Ada";2002;Tahun;362000;"KALIMANTAN TENGAH"
"Upah Minimum Regional/Propinsi";"Tidak Ada";2002;Tahun;377500;"KALIMANTAN SELATAN"
"Upah Minimum Regional/Propinsi";"Tidak Ada";2002;Tahun;500000;"KALIMANTAN TIMUR"
"Upah Minimum Regional/Propinsi";"Tidak Ada";2002;Tahun;-;"KALIMANTAN UTARA"
"Upah Minimum Regional/Propinsi";"Tidak Ada";2002;Tahun;438000;"SULAWESI UTARA"
"Upah Minimum Regional/Propinsi";"Tidak Ada";2002;Tahun;350000;"SULAWESI TENGAH"
"Upah Minimum Regional/Propinsi";"Tidak Ada";2002;Tahun;375000;"SULAWESI SELATAN"
"Upah Minimum Regional/Propinsi";"Tidak Ada";2002;Tahun;325000;"SULAWESI TENGGARA"
"Upah Minimum Regional/Propinsi";"Tidak Ada";2002;Tahun;375000;GORONTALO
"Upah Minimum Regional/Propinsi";"Tidak Ada";2002;Tahun;-;"SULAWESI BARAT"
"Upah Minimum Regional/Propinsi";"Tidak Ada";2002;Tahun;285000;MALUKU
"Upah Minimum Regional/Propinsi";"Tidak Ada";2002;Tahun;322000;"MALUKU UTARA"
"Upah Minimum Regional/Propinsi";"Tidak Ada";2002;Tahun;-;"PAPUA BARAT"
"Upah Minimum Regional/Propinsi";"Tidak Ada";2002;Tahun;530000;PAPUA
"Upah Minimum Regional/Propinsi";"Tidak Ada";2002;Tahun;362700;INDONESIA
"Upah Minimum Regional/Propinsi";"Tidak Ada";2003;Tahun;425000;ACEH
"Upah Minimum Regional/Propinsi";"Tidak Ada";2003;Tahun;505000;"SUMATERA UTARA"
"Upah Minimum Regional/Propinsi";"Tidak Ada";2003;Tahun;435000;"SUMATERA BARAT"
"Upah Minimum Regional/Propinsi";"Tidak Ada";2003;Tahun;437500;RIAU
"Upah Minimum Regional/Propinsi";"Tidak Ada";2003;Tahun;390000;JAMBI
"Upah Minimum Regional/Propinsi";"Tidak Ada";2003;Tahun;403500;"SUMATERA SELATAN"
"Upah Minimum Regional/Propinsi";"Tidak Ada";2003;Tahun;330000;BENGKULU
"Upah Minimum Regional/Propinsi";"Tidak Ada";2003;Tahun;350000;LAMPUNG
"Upah Minimum Regional/Propinsi";"Tidak Ada";2003;Tahun;379500;"KEP. BANGKA BELITUNG"
"Upah Minimum Regional/Propinsi";"Tidak Ada";2003;Tahun;-;"KEP. RIAU"
"Upah Minimum Regional/Propinsi";"Tidak Ada";2003;Tahun;631600;"DKI JAKARTA"
"Upah Minimum Regional/Propinsi";"Tidak Ada";2003;Tahun;320000;"JAWA BARAT"
"Upah Minimum Regional/Propinsi";"Tidak Ada";2003;Tahun;340400;"JAWA TENGAH"
"Upah Minimum Regional/Propinsi";"Tidak Ada";2003;Tahun;360000;"DI YOGYAKARTA"
"Upah Minimum Regional/Propinsi";"Tidak Ada";2003;Tahun;274000;"JAWA TIMUR"
"Upah Minimum Regional/Propinsi";"Tidak Ada";2003;Tahun;475000;BANTEN
"Upah Minimum Regional/Propinsi";"Tidak Ada";2003;Tahun;410000;BALI
"Upah Minimum Regional/Propinsi";"Tidak Ada";2003;Tahun;375000;"NUSA TENGGARA BARAT"
"Upah Minimum Regional/Propinsi";"Tidak Ada";2003;Tahun;350000;"NUSA TENGGARA TIMUR"
"Upah Minimum Regional/Propinsi";"Tidak Ada";2003;Tahun;400000;"KALIMANTAN BARAT"
"Upah Minimum Regional/Propinsi";"Tidak Ada";2003;Tahun;425000;"KALIMANTAN TENGAH"
"Upah Minimum Regional/Propinsi";"Tidak Ada";2003;Tahun;425000;"KALIMANTAN SELATAN"
"Upah Minimum Regional/Propinsi";"Tidak Ada";2003;Tahun;540000;"KALIMANTAN TIMUR"
"Upah Minimum Regional/Propinsi";"Tidak Ada";2003;Tahun;-;"KALIMANTAN UTARA"
"Upah Minimum Regional/Propinsi";"Tidak Ada";2003;Tahun;495000;"SULAWESI UTARA"
"Upah Minimum Regional/Propinsi";"Tidak Ada";2003;Tahun;410000;"SULAWESI TENGAH"
"Upah Minimum Regional/Propinsi";"Tidak Ada";2003;Tahun;415000;"SULAWESI SELATAN"
"Upah Minimum Regional/Propinsi";"Tidak Ada";2003;Tahun;390000;"SULAWESI TENGGARA"
"Upah Minimum Regional/Propinsi";"Tidak Ada";2003;Tahun;410000;GORONTALO
"Upah Minimum Regional/Propinsi";"Tidak Ada";2003;Tahun;-;"SULAWESI BARAT"
"Upah Minimum Regional/Propinsi";"Tidak Ada";2003;Tahun;370000;MALUKU
"Upah Minimum Regional/Propinsi";"Tidak Ada";2003;Tahun;370000;"MALUKU UTARA"
"Upah Minimum Regional/Propinsi";"Tidak Ada";2003;Tahun;-;"PAPUA BARAT"
"Upah Minimum Regional/Propinsi";"Tidak Ada";2003;Tahun;600000;PAPUA
"Upah Minimum Regional/Propinsi";"Tidak Ada";2003;Tahun;414700;INDONESIA
"Upah Minimum Regional/Propinsi";"Tidak Ada";2004;Tahun;550000;ACEH
"Upah Minimum Regional/Propinsi";"Tidak Ada";2004;Tahun;537000;"SUMATERA UTARA"
"Upah Minimum Regional/Propinsi";"Tidak Ada";2004;Tahun;480000;"SUMATERA BARAT"
"Upah Minimum Regional/Propinsi";"Tidak Ada";2004;Tahun;476900;RIAU
"Upah Minimum Regional/Propinsi";"Tidak Ada";2004;Tahun;425000;JAMBI
"Upah Minimum Regional/Propinsi";"Tidak Ada";2004;Tahun;460000;"SUMATERA SELATAN"
"Upah Minimum Regional/Propinsi";"Tidak Ada";2004;Tahun;363000;BENGKULU
"Upah Minimum Regional/Propinsi";"Tidak Ada";2004;Tahun;377500;LAMPUNG
"Upah Minimum Regional/Propinsi";"Tidak Ada";2004;Tahun;447900;"KEP. BANGKA BELITUNG"
"Upah Minimum Regional/Propinsi";"Tidak Ada";2004;Tahun;-;"KEP. RIAU"
"Upah Minimum Regional/Propinsi";"Tidak Ada";2004;Tahun;671600;"DKI JAKARTA"
"Upah Minimum Regional/Propinsi";"Tidak Ada";2004;Tahun;366500;"JAWA BARAT"
"Upah Minimum Regional/Propinsi";"Tidak Ada";2004;Tahun;365000;"JAWA TENGAH"
"Upah Minimum Regional/Propinsi";"Tidak Ada";2004;Tahun;365000;"DI YOGYAKARTA"
"Upah Minimum Regional/Propinsi";"Tidak Ada";2004;Tahun;310000;"JAWA TIMUR"
"Upah Minimum Regional/Propinsi";"Tidak Ada";2004;Tahun;515000;BANTEN
"Upah Minimum Regional/Propinsi";"Tidak Ada";2004;Tahun;425000;BALI
"Upah Minimum Regional/Propinsi";"Tidak Ada";2004;Tahun;412500;"NUSA TENGGARA BARAT"
"Upah Minimum Regional/Propinsi";"Tidak Ada";2004;Tahun;400000;"NUSA TENGGARA TIMUR"
"Upah Minimum Regional/Propinsi";"Tidak Ada";2004;Tahun;420000;"KALIMANTAN BARAT"
"Upah Minimum Regional/Propinsi";"Tidak Ada";2004;Tahun;482300;"KALIMANTAN TENGAH"
"Upah Minimum Regional/Propinsi";"Tidak Ada";2004;Tahun;482200;"KALIMANTAN SELATAN"
"Upah Minimum Regional/Propinsi";"Tidak Ada";2004;Tahun;572700;"KALIMANTAN TIMUR"
"Upah Minimum Regional/Propinsi";"Tidak Ada";2004;Tahun;-;"KALIMANTAN UTARA"
"Upah Minimum Regional/Propinsi";"Tidak Ada";2004;Tahun;545000;"SULAWESI UTARA"
"Upah Minimum Regional/Propinsi";"Tidak Ada";2004;Tahun;450000;"SULAWESI TENGAH"
"Upah Minimum Regional/Propinsi";"Tidak Ada";2004;Tahun;455000;"SULAWESI SELATAN"
"Upah Minimum Regional/Propinsi";"Tidak Ada";2004;Tahun;470000;"SULAWESI TENGGARA"
"Upah Minimum Regional/Propinsi";"Tidak Ada";2004;Tahun;430000;GORONTALO
"Upah Minimum Regional/Propinsi";"Tidak Ada";2004;Tahun;-;"SULAWESI BARAT"
"Upah Minimum Regional/Propinsi";"Tidak Ada";2004;Tahun;450000;MALUKU
"Upah Minimum Regional/Propinsi";"Tidak Ada";2004;Tahun;400000;"MALUKU UTARA"
"Upah Minimum Regional/Propinsi";"Tidak Ada";2004;Tahun;-;"PAPUA BARAT"
"Upah Minimum Regional/Propinsi";"Tidak Ada";2004;Tahun;650000;PAPUA
"Upah Minimum Regional/Propinsi";"Tidak Ada";2004;Tahun;458500;INDONESIA
"Upah Minimum Regional/Propinsi";"Tidak Ada";2005;Tahun;620000;ACEH
"Upah Minimum Regional/Propinsi";"Tidak Ada";2005;Tahun;600000;"SUMATERA UTARA"
"Upah Minimum Regional/Propinsi";"Tidak Ada";2005;Tahun;540000;"SUMATERA BARAT"
"Upah Minimum Regional/Propinsi";"Tidak Ada";2005;Tahun;551500;RIAU
"Upah Minimum Regional/Propinsi";"Tidak Ada";2005;Tahun;485000;JAMBI
"Upah Minimum Regional/Propinsi";"Tidak Ada";2005;Tahun;503700;"SUMATERA SELATAN"
"Upah Minimum Regional/Propinsi";"Tidak Ada";2005;Tahun;430000;BENGKULU
"Upah Minimum Regional/Propinsi";"Tidak Ada";2005;Tahun;405000;LAMPUNG
"Upah Minimum Regional/Propinsi";"Tidak Ada";2005;Tahun;560000;"KEP. BANGKA BELITUNG"
"Upah Minimum Regional/Propinsi";"Tidak Ada";2005;Tahun;557000;"KEP. RIAU"
"Upah Minimum Regional/Propinsi";"Tidak Ada";2005;Tahun;711843;"DKI JAKARTA"
"Upah Minimum Regional/Propinsi";"Tidak Ada";2005;Tahun;408260;"JAWA BARAT"
"Upah Minimum Regional/Propinsi";"Tidak Ada";2005;Tahun;390000;"JAWA TENGAH"
"Upah Minimum Regional/Propinsi";"Tidak Ada";2005;Tahun;400000;"DI YOGYAKARTA"
"Upah Minimum Regional/Propinsi";"Tidak Ada";2005;Tahun;340000;"JAWA TIMUR"
"Upah Minimum Regional/Propinsi";"Tidak Ada";2005;Tahun;585000;BANTEN
"Upah Minimum Regional/Propinsi";"Tidak Ada";2005;Tahun;447500;BALI
"Upah Minimum Regional/Propinsi";"Tidak Ada";2005;Tahun;475000;"NUSA TENGGARA BARAT"
"Upah Minimum Regional/Propinsi";"Tidak Ada";2005;Tahun;450000;"NUSA TENGGARA TIMUR"
"Upah Minimum Regional/Propinsi";"Tidak Ada";2005;Tahun;445200;"KALIMANTAN BARAT"
"Upah Minimum Regional/Propinsi";"Tidak Ada";2005;Tahun;523698;"KALIMANTAN TENGAH"
"Upah Minimum Regional/Propinsi";"Tidak Ada";2005;Tahun;536300;"KALIMANTAN SELATAN"
"Upah Minimum Regional/Propinsi";"Tidak Ada";2005;Tahun;600000;"KALIMANTAN TIMUR"
"Upah Minimum Regional/Propinsi";"Tidak Ada";2005;Tahun;-;"KALIMANTAN UTARA"
"Upah Minimum Regional/Propinsi";"Tidak Ada";2005;Tahun;600000;"SULAWESI UTARA"
"Upah Minimum Regional/Propinsi";"Tidak Ada";2005;Tahun;490000;"SULAWESI TENGAH"
"Upah Minimum Regional/Propinsi";"Tidak Ada";2005;Tahun;510000;"SULAWESI SELATAN"
"Upah Minimum Regional/Propinsi";"Tidak Ada";2005;Tahun;498600;"SULAWESI TENGGARA"
"Upah Minimum Regional/Propinsi";"Tidak Ada";2005;Tahun;435000;GORONTALO
"Upah Minimum Regional/Propinsi";"Tidak Ada";2005;Tahun;-;"SULAWESI BARAT"
"Upah Minimum Regional/Propinsi";"Tidak Ada";2005;Tahun;500000;MALUKU
"Upah Minimum Regional/Propinsi";"Tidak Ada";2005;Tahun;440000;"MALUKU UTARA"
"Upah Minimum Regional/Propinsi";"Tidak Ada";2005;Tahun;-;"PAPUA BARAT"
"Upah Minimum Regional/Propinsi";"Tidak Ada";2005;Tahun;700000;PAPUA
"Upah Minimum Regional/Propinsi";"Tidak Ada";2005;Tahun;507697;INDONESIA
"Upah Minimum Regional/Propinsi";"Tidak Ada";2006;Tahun;820000;ACEH
"Upah Minimum Regional/Propinsi";"Tidak Ada";2006;Tahun;737794;"SUMATERA UTARA"
"Upah Minimum Regional/Propinsi";"Tidak Ada";2006;Tahun;650000;"SUMATERA BARAT"
"Upah Minimum Regional/Propinsi";"Tidak Ada";2006;Tahun;637000;RIAU
"Upah Minimum Regional/Propinsi";"Tidak Ada";2006;Tahun;563000;JAMBI
"Upah Minimum Regional/Propinsi";"Tidak Ada";2006;Tahun;604000;"SUMATERA SELATAN"
"Upah Minimum Regional/Propinsi";"Tidak Ada";2006;Tahun;516000;BENGKULU
"Upah Minimum Regional/Propinsi";"Tidak Ada";2006;Tahun;505000;LAMPUNG
"Upah Minimum Regional/Propinsi";"Tidak Ada";2006;Tahun;640000;"KEP. BANGKA BELITUNG"
"Upah Minimum Regional/Propinsi";"Tidak Ada";2006;Tahun;760000;"KEP. RIAU"
"Upah Minimum Regional/Propinsi";"Tidak Ada";2006;Tahun;819100;"DKI JAKARTA"
"Upah Minimum Regional/Propinsi";"Tidak Ada";2006;Tahun;447654;"JAWA BARAT"
"Upah Minimum Regional/Propinsi";"Tidak Ada";2006;Tahun;450000;"JAWA TENGAH"
"Upah Minimum Regional/Propinsi";"Tidak Ada";2006;Tahun;460000;"DI YOGYAKARTA"
"Upah Minimum Regional/Propinsi";"Tidak Ada";2006;Tahun;390000;"JAWA TIMUR"
"Upah Minimum Regional/Propinsi";"Tidak Ada";2006;Tahun;661613;BANTEN
"Upah Minimum Regional/Propinsi";"Tidak Ada";2006;Tahun;510000;BALI
"Upah Minimum Regional/Propinsi";"Tidak Ada";2006;Tahun;550000;"NUSA TENGGARA BARAT"
"Upah Minimum Regional/Propinsi";"Tidak Ada";2006;Tahun;550000;"NUSA TENGGARA TIMUR"
"Upah Minimum Regional/Propinsi";"Tidak Ada";2006;Tahun;512000;"KALIMANTAN BARAT"
"Upah Minimum Regional/Propinsi";"Tidak Ada";2006;Tahun;634260;"KALIMANTAN TENGAH"
"Upah Minimum Regional/Propinsi";"Tidak Ada";2006;Tahun;629000;"KALIMANTAN SELATAN"
"Upah Minimum Regional/Propinsi";"Tidak Ada";2006;Tahun;701640;"KALIMANTAN TIMUR"
"Upah Minimum Regional/Propinsi";"Tidak Ada";2006;Tahun;-;"KALIMANTAN UTARA"
"Upah Minimum Regional/Propinsi";"Tidak Ada";2006;Tahun;713500;"SULAWESI UTARA"
"Upah Minimum Regional/Propinsi";"Tidak Ada";2006;Tahun;575000;"SULAWESI TENGAH"
"Upah Minimum Regional/Propinsi";"Tidak Ada";2006;Tahun;612000;"SULAWESI SELATAN"
"Upah Minimum Regional/Propinsi";"Tidak Ada";2006;Tahun;573400;"SULAWESI TENGGARA"
"Upah Minimum Regional/Propinsi";"Tidak Ada";2006;Tahun;527000;GORONTALO
"Upah Minimum Regional/Propinsi";"Tidak Ada";2006;Tahun;612000;"SULAWESI BARAT"
"Upah Minimum Regional/Propinsi";"Tidak Ada";2006;Tahun;575000;MALUKU
"Upah Minimum Regional/Propinsi";"Tidak Ada";2006;Tahun;528000;"MALUKU UTARA"
"Upah Minimum Regional/Propinsi";"Tidak Ada";2006;Tahun;822500;"PAPUA BARAT"
"Upah Minimum Regional/Propinsi";"Tidak Ada";2006;Tahun;822500;PAPUA
"Upah Minimum Regional/Propinsi";"Tidak Ada";2006;Tahun;602702;INDONESIA
"Upah Minimum Regional/Propinsi";"Tidak Ada";2007;Tahun;850000;ACEH
"Upah Minimum Regional/Propinsi";"Tidak Ada";2007;Tahun;761000;"SUMATERA UTARA"
"Upah Minimum Regional/Propinsi";"Tidak Ada";2007;Tahun;725000;"SUMATERA BARAT"
"Upah Minimum Regional/Propinsi";"Tidak Ada";2007;Tahun;710000;RIAU
"Upah Minimum Regional/Propinsi";"Tidak Ada";2007;Tahun;658000;JAMBI
"Upah Minimum Regional/Propinsi";"Tidak Ada";2007;Tahun;662000;"SUMATERA SELATAN"
"Upah Minimum Regional/Propinsi";"Tidak Ada";2007;Tahun;644838;BENGKULU
"Upah Minimum Regional/Propinsi";"Tidak Ada";2007;Tahun;555000;LAMPUNG
"Upah Minimum Regional/Propinsi";"Tidak Ada";2007;Tahun;720000;"KEP. BANGKA BELITUNG"
"Upah Minimum Regional/Propinsi";"Tidak Ada";2007;Tahun;805000;"KEP. RIAU"
"Upah Minimum Regional/Propinsi";"Tidak Ada";2007;Tahun;900560;"DKI JAKARTA"
"Upah Minimum Regional/Propinsi";"Tidak Ada";2007;Tahun;516840;"JAWA BARAT"
"Upah Minimum Regional/Propinsi";"Tidak Ada";2007;Tahun;500000;"JAWA TENGAH"
"Upah Minimum Regional/Propinsi";"Tidak Ada";2007;Tahun;500000;"DI YOGYAKARTA"
"Upah Minimum Regional/Propinsi";"Tidak Ada";2007;Tahun;448500;"JAWA TIMUR"
"Upah Minimum Regional/Propinsi";"Tidak Ada";2007;Tahun;746500;BANTEN
"Upah Minimum Regional/Propinsi";"Tidak Ada";2007;Tahun;622000;BALI
"Upah Minimum Regional/Propinsi";"Tidak Ada";2007;Tahun;645000;"NUSA TENGGARA BARAT"
"Upah Minimum Regional/Propinsi";"Tidak Ada";2007;Tahun;600000;"NUSA TENGGARA TIMUR"
"Upah Minimum Regional/Propinsi";"Tidak Ada";2007;Tahun;560000;"KALIMANTAN BARAT"
"Upah Minimum Regional/Propinsi";"Tidak Ada";2007;Tahun;665973;"KALIMANTAN TENGAH"
"Upah Minimum Regional/Propinsi";"Tidak Ada";2007;Tahun;745000;"KALIMANTAN SELATAN"
"Upah Minimum Regional/Propinsi";"Tidak Ada";2007;Tahun;766500;"KALIMANTAN TIMUR"
"Upah Minimum Regional/Propinsi";"Tidak Ada";2007;Tahun;-;"KALIMANTAN UTARA"
"Upah Minimum Regional/Propinsi";"Tidak Ada";2007;Tahun;750000;"SULAWESI UTARA"
"Upah Minimum Regional/Propinsi";"Tidak Ada";2007;Tahun;615000;"SULAWESI TENGAH"
"Upah Minimum Regional/Propinsi";"Tidak Ada";2007;Tahun;673200;"SULAWESI SELATAN"
"Upah Minimum Regional/Propinsi";"Tidak Ada";2007;Tahun;640000;"SULAWESI TENGGARA"
"Upah Minimum Regional/Propinsi";"Tidak Ada";2007;Tahun;560000;GORONTALO
"Upah Minimum Regional/Propinsi";"Tidak Ada";2007;Tahun;691464;"SULAWESI BARAT"
"Upah Minimum Regional/Propinsi";"Tidak Ada";2007;Tahun;635000;MALUKU
"Upah Minimum Regional/Propinsi";"Tidak Ada";2007;Tahun;660000;"MALUKU UTARA"
"Upah Minimum Regional/Propinsi";"Tidak Ada";2007;Tahun;987000;"PAPUA BARAT"
"Upah Minimum Regional/Propinsi";"Tidak Ada";2007;Tahun;987000;PAPUA
"Upah Minimum Regional/Propinsi";"Tidak Ada";2007;Tahun;672480;INDONESIA
"Upah Minimum Regional/Propinsi";"Tidak Ada";2008;Tahun;1000000;ACEH
"Upah Minimum Regional/Propinsi";"Tidak Ada";2008;Tahun;822205;"SUMATERA UTARA"
"Upah Minimum Regional/Propinsi";"Tidak Ada";2008;Tahun;800000;"SUMATERA BARAT"
"Upah Minimum Regional/Propinsi";"Tidak Ada";2008;Tahun;800000;RIAU
"Upah Minimum Regional/Propinsi";"Tidak Ada";2008;Tahun;724000;JAMBI
"Upah Minimum Regional/Propinsi";"Tidak Ada";2008;Tahun;743000;"SUMATERA SELATAN"
"Upah Minimum Regional/Propinsi";"Tidak Ada";2008;Tahun;690000;BENGKULU
"Upah Minimum Regional/Propinsi";"Tidak Ada";2008;Tahun;617000;LAMPUNG
"Upah Minimum Regional/Propinsi";"Tidak Ada";2008;Tahun;813000;"KEP. BANGKA BELITUNG"
"Upah Minimum Regional/Propinsi";"Tidak Ada";2008;Tahun;833000;"KEP. RIAU"
"Upah Minimum Regional/Propinsi";"Tidak Ada";2008;Tahun;972604;"DKI JAKARTA"
"Upah Minimum Regional/Propinsi";"Tidak Ada";2008;Tahun;568193;"JAWA BARAT"
"Upah Minimum Regional/Propinsi";"Tidak Ada";2008;Tahun;547000;"JAWA TENGAH"
"Upah Minimum Regional/Propinsi";"Tidak Ada";2008;Tahun;586000;"DI YOGYAKARTA"
"Upah Minimum Regional/Propinsi";"Tidak Ada";2008;Tahun;500000;"JAWA TIMUR"
"Upah Minimum Regional/Propinsi";"Tidak Ada";2008;Tahun;837000;BANTEN
"Upah Minimum Regional/Propinsi";"Tidak Ada";2008;Tahun;682650;BALI
"Upah Minimum Regional/Propinsi";"Tidak Ada";2008;Tahun;730000;"NUSA TENGGARA BARAT"
"Upah Minimum Regional/Propinsi";"Tidak Ada";2008;Tahun;650000;"NUSA TENGGARA TIMUR"
"Upah Minimum Regional/Propinsi";"Tidak Ada";2008;Tahun;645000;"KALIMANTAN BARAT"
"Upah Minimum Regional/Propinsi";"Tidak Ada";2008;Tahun;765868;"KALIMANTAN TENGAH"
"Upah Minimum Regional/Propinsi";"Tidak Ada";2008;Tahun;825000;"KALIMANTAN SELATAN"
"Upah Minimum Regional/Propinsi";"Tidak Ada";2008;Tahun;889654;"KALIMANTAN TIMUR"
"Upah Minimum Regional/Propinsi";"Tidak Ada";2008;Tahun;-;"KALIMANTAN UTARA"
"Upah Minimum Regional/Propinsi";"Tidak Ada";2008;Tahun;845000;"SULAWESI UTARA"
"Upah Minimum Regional/Propinsi";"Tidak Ada";2008;Tahun;670000;"SULAWESI TENGAH"
"Upah Minimum Regional/Propinsi";"Tidak Ada";2008;Tahun;740520;"SULAWESI SELATAN"
"Upah Minimum Regional/Propinsi";"Tidak Ada";2008;Tahun;700000;"SULAWESI TENGGARA"
"Upah Minimum Regional/Propinsi";"Tidak Ada";2008;Tahun;600000;GORONTALO
"Upah Minimum Regional/Propinsi";"Tidak Ada";2008;Tahun;760500;"SULAWESI BARAT"
"Upah Minimum Regional/Propinsi";"Tidak Ada";2008;Tahun;700000;MALUKU
"Upah Minimum Regional/Propinsi";"Tidak Ada";2008;Tahun;700000;"MALUKU UTARA"
"Upah Minimum Regional/Propinsi";"Tidak Ada";2008;Tahun;1105500;"PAPUA BARAT"
"Upah Minimum Regional/Propinsi";"Tidak Ada";2008;Tahun;1105500;PAPUA
"Upah Minimum Regional/Propinsi";"Tidak Ada";2008;Tahun;745709;INDONESIA
"Upah Minimum Regional/Propinsi";"Tidak Ada";2009;Tahun;1200000;ACEH
"Upah Minimum Regional/Propinsi";"Tidak Ada";2009;Tahun;905000;"SUMATERA UTARA"
"Upah Minimum Regional/Propinsi";"Tidak Ada";2009;Tahun;880000;"SUMATERA BARAT"
"Upah Minimum Regional/Propinsi";"Tidak Ada";2009;Tahun;901600;RIAU
"Upah Minimum Regional/Propinsi";"Tidak Ada";2009;Tahun;800000;JAMBI
"Upah Minimum Regional/Propinsi";"Tidak Ada";2009;Tahun;824730;"SUMATERA SELATAN"
"Upah Minimum Regional/Propinsi";"Tidak Ada";2009;Tahun;735000;BENGKULU
"Upah Minimum Regional/Propinsi";"Tidak Ada";2009;Tahun;691000;LAMPUNG
"Upah Minimum Regional/Propinsi";"Tidak Ada";2009;Tahun;850000;"KEP. BANGKA BELITUNG"
"Upah Minimum Regional/Propinsi";"Tidak Ada";2009;Tahun;892000;"KEP. RIAU"
"Upah Minimum Regional/Propinsi";"Tidak Ada";2009;Tahun;1069865;"DKI JAKARTA"
"Upah Minimum Regional/Propinsi";"Tidak Ada";2009;Tahun;628191;"JAWA BARAT"
"Upah Minimum Regional/Propinsi";"Tidak Ada";2009;Tahun;575000;"JAWA TENGAH"
"Upah Minimum Regional/Propinsi";"Tidak Ada";2009;Tahun;700000;"DI YOGYAKARTA"
"Upah Minimum Regional/Propinsi";"Tidak Ada";2009;Tahun;570000;"JAWA TIMUR"
"Upah Minimum Regional/Propinsi";"Tidak Ada";2009;Tahun;917500;BANTEN
"Upah Minimum Regional/Propinsi";"Tidak Ada";2009;Tahun;760000;BALI
"Upah Minimum Regional/Propinsi";"Tidak Ada";2009;Tahun;832500;"NUSA TENGGARA BARAT"
"Upah Minimum Regional/Propinsi";"Tidak Ada";2009;Tahun;725000;"NUSA TENGGARA TIMUR"
"Upah Minimum Regional/Propinsi";"Tidak Ada";2009;Tahun;705000;"KALIMANTAN BARAT"
"Upah Minimum Regional/Propinsi";"Tidak Ada";2009;Tahun;873089;"KALIMANTAN TENGAH"
"Upah Minimum Regional/Propinsi";"Tidak Ada";2009;Tahun;930000;"KALIMANTAN SELATAN"
"Upah Minimum Regional/Propinsi";"Tidak Ada";2009;Tahun;955000;"KALIMANTAN TIMUR"
"Upah Minimum Regional/Propinsi";"Tidak Ada";2009;Tahun;-;"KALIMANTAN UTARA"
"Upah Minimum Regional/Propinsi";"Tidak Ada";2009;Tahun;929500;"SULAWESI UTARA"
"Upah Minimum Regional/Propinsi";"Tidak Ada";2009;Tahun;720000;"SULAWESI TENGAH"
"Upah Minimum Regional/Propinsi";"Tidak Ada";2009;Tahun;905000;"SULAWESI SELATAN"
"Upah Minimum Regional/Propinsi";"Tidak Ada";2009;Tahun;770000;"SULAWESI TENGGARA"
"Upah Minimum Regional/Propinsi";"Tidak Ada";2009;Tahun;675000;GORONTALO
"Upah Minimum Regional/Propinsi";"Tidak Ada";2009;Tahun;909400;"SULAWESI BARAT"
"Upah Minimum Regional/Propinsi";"Tidak Ada";2009;Tahun;775000;MALUKU
"Upah Minimum Regional/Propinsi";"Tidak Ada";2009;Tahun;770000;"MALUKU UTARA"
"Upah Minimum Regional/Propinsi";"Tidak Ada";2009;Tahun;1180000;"PAPUA BARAT"
"Upah Minimum Regional/Propinsi";"Tidak Ada";2009;Tahun;1216100;PAPUA
"Upah Minimum Regional/Propinsi";"Tidak Ada";2009;Tahun;841530;INDONESIA
"Upah Minimum Regional/Propinsi";"Tidak Ada";2010;Tahun;1300000;ACEH
"Upah Minimum Regional/Propinsi";"Tidak Ada";2010;Tahun;965000;"SUMATERA UTARA"
"Upah Minimum Regional/Propinsi";"Tidak Ada";2010;Tahun;940000;"SUMATERA BARAT"
"Upah Minimum Regional/Propinsi";"Tidak Ada";2010;Tahun;1016000;RIAU
"Upah Minimum Regional/Propinsi";"Tidak Ada";2010;Tahun;900000;JAMBI
"Upah Minimum Regional/Propinsi";"Tidak Ada";2010;Tahun;927825;"SUMATERA SELATAN"
"Upah Minimum Regional/Propinsi";"Tidak Ada";2010;Tahun;780000;BENGKULU
"Upah Minimum Regional/Propinsi";"Tidak Ada";2010;Tahun;767500;LAMPUNG
"Upah Minimum Regional/Propinsi";"Tidak Ada";2010;Tahun;910000;"KEP. BANGKA BELITUNG"
"Upah Minimum Regional/Propinsi";"Tidak Ada";2010;Tahun;925000;"KEP. RIAU"
"Upah Minimum Regional/Propinsi";"Tidak Ada";2010;Tahun;1118009;"DKI JAKARTA"
"Upah Minimum Regional/Propinsi";"Tidak Ada";2010;Tahun;671500;"JAWA BARAT"
"Upah Minimum Regional/Propinsi";"Tidak Ada";2010;Tahun;660000;"JAWA TENGAH"
"Upah Minimum Regional/Propinsi";"Tidak Ada";2010;Tahun;745694;"DI YOGYAKARTA"
"Upah Minimum Regional/Propinsi";"Tidak Ada";2010;Tahun;630000;"JAWA TIMUR"
"Upah Minimum Regional/Propinsi";"Tidak Ada";2010;Tahun;955300;BANTEN
"Upah Minimum Regional/Propinsi";"Tidak Ada";2010;Tahun;829316;BALI
"Upah Minimum Regional/Propinsi";"Tidak Ada";2010;Tahun;890775;"NUSA TENGGARA BARAT"
"Upah Minimum Regional/Propinsi";"Tidak Ada";2010;Tahun;800000;"NUSA TENGGARA TIMUR"
"Upah Minimum Regional/Propinsi";"Tidak Ada";2010;Tahun;741000;"KALIMANTAN BARAT"
"Upah Minimum Regional/Propinsi";"Tidak Ada";2010;Tahun;986590;"KALIMANTAN TENGAH"
"Upah Minimum Regional/Propinsi";"Tidak Ada";2010;Tahun;1024500;"KALIMANTAN SELATAN"
"Upah Minimum Regional/Propinsi";"Tidak Ada";2010;Tahun;1002000;"KALIMANTAN TIMUR"
"Upah Minimum Regional/Propinsi";"Tidak Ada";2010;Tahun;-;"KALIMANTAN UTARA"
"Upah Minimum Regional/Propinsi";"Tidak Ada";2010;Tahun;1000000;"SULAWESI UTARA"
"Upah Minimum Regional/Propinsi";"Tidak Ada";2010;Tahun;777500;"SULAWESI TENGAH"
"Upah Minimum Regional/Propinsi";"Tidak Ada";2010;Tahun;1000000;"SULAWESI SELATAN"
"Upah Minimum Regional/Propinsi";"Tidak Ada";2010;Tahun;860000;"SULAWESI TENGGARA"
"Upah Minimum Regional/Propinsi";"Tidak Ada";2010;Tahun;710000;GORONTALO
"Upah Minimum Regional/Propinsi";"Tidak Ada";2010;Tahun;944200;"SULAWESI BARAT"
"Upah Minimum Regional/Propinsi";"Tidak Ada";2010;Tahun;840000;MALUKU
"Upah Minimum Regional/Propinsi";"Tidak Ada";2010;Tahun;847000;"MALUKU UTARA"
"Upah Minimum Regional/Propinsi";"Tidak Ada";2010;Tahun;1210000;"PAPUA BARAT"
"Upah Minimum Regional/Propinsi";"Tidak Ada";2010;Tahun;1316500;PAPUA
"Upah Minimum Regional/Propinsi";"Tidak Ada";2010;Tahun;908824;INDONESIA
"Upah Minimum Regional/Propinsi";"Tidak Ada";2011;Tahun;1350000;ACEH
"Upah Minimum Regional/Propinsi";"Tidak Ada";2011;Tahun;1035500;"SUMATERA UTARA"
"Upah Minimum Regional/Propinsi";"Tidak Ada";2011;Tahun;1055000;"SUMATERA BARAT"
"Upah Minimum Regional/Propinsi";"Tidak Ada";2011;Tahun;1120000;RIAU
"Upah Minimum Regional/Propinsi";"Tidak Ada";2011;Tahun;1028000;JAMBI
"Upah Minimum Regional/Propinsi";"Tidak Ada";2011;Tahun;1048440;"SUMATERA SELATAN"
"Upah Minimum Regional/Propinsi";"Tidak Ada";2011;Tahun;815000;BENGKULU
"Upah Minimum Regional/Propinsi";"Tidak Ada";2011;Tahun;855000;LAMPUNG
"Upah Minimum Regional/Propinsi";"Tidak Ada";2011;Tahun;1024000;"KEP. BANGKA BELITUNG"
"Upah Minimum Regional/Propinsi";"Tidak Ada";2011;Tahun;975000;"KEP. RIAU"
"Upah Minimum Regional/Propinsi";"Tidak Ada";2011;Tahun;1290000;"DKI JAKARTA"
"Upah Minimum Regional/Propinsi";"Tidak Ada";2011;Tahun;732000;"JAWA BARAT"
"Upah Minimum Regional/Propinsi";"Tidak Ada";2011;Tahun;675000;"JAWA TENGAH"
"Upah Minimum Regional/Propinsi";"Tidak Ada";2011;Tahun;808000;"DI YOGYAKARTA"
"Upah Minimum Regional/Propinsi";"Tidak Ada";2011;Tahun;705000;"JAWA TIMUR"
"Upah Minimum Regional/Propinsi";"Tidak Ada";2011;Tahun;1000000;BANTEN
"Upah Minimum Regional/Propinsi";"Tidak Ada";2011;Tahun;890000;BALI
"Upah Minimum Regional/Propinsi";"Tidak Ada";2011;Tahun;950000;"NUSA TENGGARA BARAT"
"Upah Minimum Regional/Propinsi";"Tidak Ada";2011;Tahun;850000;"NUSA TENGGARA TIMUR"
"Upah Minimum Regional/Propinsi";"Tidak Ada";2011;Tahun;802500;"KALIMANTAN BARAT"
"Upah Minimum Regional/Propinsi";"Tidak Ada";2011;Tahun;1134580;"KALIMANTAN TENGAH"
"Upah Minimum Regional/Propinsi";"Tidak Ada";2011;Tahun;1126000;"KALIMANTAN SELATAN"
"Upah Minimum Regional/Propinsi";"Tidak Ada";2011;Tahun;1084000;"KALIMANTAN TIMUR"
"Upah Minimum Regional/Propinsi";"Tidak Ada";2011;Tahun;-;"KALIMANTAN UTARA"
"Upah Minimum Regional/Propinsi";"Tidak Ada";2011;Tahun;1050000;"SULAWESI UTARA"
"Upah Minimum Regional/Propinsi";"Tidak Ada";2011;Tahun;827500;"SULAWESI TENGAH"
"Upah Minimum Regional/Propinsi";"Tidak Ada";2011;Tahun;1100000;"SULAWESI SELATAN"
"Upah Minimum Regional/Propinsi";"Tidak Ada";2011;Tahun;930000;"SULAWESI TENGGARA"
"Upah Minimum Regional/Propinsi";"Tidak Ada";2011;Tahun;762500;GORONTALO
"Upah Minimum Regional/Propinsi";"Tidak Ada";2011;Tahun;1006000;"SULAWESI BARAT"
"Upah Minimum Regional/Propinsi";"Tidak Ada";2011;Tahun;900000;MALUKU
"Upah Minimum Regional/Propinsi";"Tidak Ada";2011;Tahun;889350;"MALUKU UTARA"
"Upah Minimum Regional/Propinsi";"Tidak Ada";2011;Tahun;1410000;"PAPUA BARAT"
"Upah Minimum Regional/Propinsi";"Tidak Ada";2011;Tahun;1403000;PAPUA
"Upah Minimum Regional/Propinsi";"Tidak Ada";2011;Tahun;988829;INDONESIA
"Upah Minimum Regional/Propinsi";"Tidak Ada";2012;Tahun;1400000;ACEH
"Upah Minimum Regional/Propinsi";"Tidak Ada";2012;Tahun;1200000;"SUMATERA UTARA"
"Upah Minimum Regional/Propinsi";"Tidak Ada";2012;Tahun;1150000;"SUMATERA BARAT"
"Upah Minimum Regional/Propinsi";"Tidak Ada";2012;Tahun;1238000;RIAU
"Upah Minimum Regional/Propinsi";"Tidak Ada";2012;Tahun;1142500;JAMBI
"Upah Minimum Regional/Propinsi";"Tidak Ada";2012;Tahun;1195220;"SUMATERA SELATAN"
"Upah Minimum Regional/Propinsi";"Tidak Ada";2012;Tahun;930000;BENGKULU
"Upah Minimum Regional/Propinsi";"Tidak Ada";2012;Tahun;975000;LAMPUNG
"Upah Minimum Regional/Propinsi";"Tidak Ada";2012;Tahun;1110000;"KEP. BANGKA BELITUNG"
"Upah Minimum Regional/Propinsi";"Tidak Ada";2012;Tahun;1015000;"KEP. RIAU"
"Upah Minimum Regional/Propinsi";"Tidak Ada";2012;Tahun;1529150;"DKI JAKARTA"
"Upah Minimum Regional/Propinsi";"Tidak Ada";2012;Tahun;780000;"JAWA BARAT"
"Upah Minimum Regional/Propinsi";"Tidak Ada";2012;Tahun;765000;"JAWA TENGAH"
"Upah Minimum Regional/Propinsi";"Tidak Ada";2012;Tahun;892660;"DI YOGYAKARTA"
"Upah Minimum Regional/Propinsi";"Tidak Ada";2012;Tahun;745000;"JAWA TIMUR"
"Upah Minimum Regional/Propinsi";"Tidak Ada";2012;Tahun;1042000;BANTEN
"Upah Minimum Regional/Propinsi";"Tidak Ada";2012;Tahun;967500;BALI
"Upah Minimum Regional/Propinsi";"Tidak Ada";2012;Tahun;1000000;"NUSA TENGGARA BARAT"
"Upah Minimum Regional/Propinsi";"Tidak Ada";2012;Tahun;925000;"NUSA TENGGARA TIMUR"
"Upah Minimum Regional/Propinsi";"Tidak Ada";2012;Tahun;900000;"KALIMANTAN BARAT"
"Upah Minimum Regional/Propinsi";"Tidak Ada";2012;Tahun;1327459;"KALIMANTAN TENGAH"
"Upah Minimum Regional/Propinsi";"Tidak Ada";2012;Tahun;1225000;"KALIMANTAN SELATAN"
"Upah Minimum Regional/Propinsi";"Tidak Ada";2012;Tahun;1177000;"KALIMANTAN TIMUR"
"Upah Minimum Regional/Propinsi";"Tidak Ada";2012;Tahun;-;"KALIMANTAN UTARA"
"Upah Minimum Regional/Propinsi";"Tidak Ada";2012;Tahun;1250000;"SULAWESI UTARA"
"Upah Minimum Regional/Propinsi";"Tidak Ada";2012;Tahun;885000;"SULAWESI TENGAH"
"Upah Minimum Regional/Propinsi";"Tidak Ada";2012;Tahun;1200000;"SULAWESI SELATAN"
"Upah Minimum Regional/Propinsi";"Tidak Ada";2012;Tahun;1032300;"SULAWESI TENGGARA"
"Upah Minimum Regional/Propinsi";"Tidak Ada";2012;Tahun;837500;GORONTALO
"Upah Minimum Regional/Propinsi";"Tidak Ada";2012;Tahun;1127000;"SULAWESI BARAT"
"Upah Minimum Regional/Propinsi";"Tidak Ada";2012;Tahun;975000;MALUKU
"Upah Minimum Regional/Propinsi";"Tidak Ada";2012;Tahun;960498;"MALUKU UTARA"
"Upah Minimum Regional/Propinsi";"Tidak Ada";2012;Tahun;1450000;"PAPUA BARAT"
"Upah Minimum Regional/Propinsi";"Tidak Ada";2012;Tahun;1585000;PAPUA
"Upah Minimum Regional/Propinsi";"Tidak Ada";2012;Tahun;1088903;INDONESIA
"Upah Minimum Regional/Propinsi";"Tidak Ada";2013;Tahun;1550000;ACEH
"Upah Minimum Regional/Propinsi";"Tidak Ada";2013;Tahun;1375000;"SUMATERA UTARA"
"Upah Minimum Regional/Propinsi";"Tidak Ada";2013;Tahun;1350000;"SUMATERA BARAT"
"Upah Minimum Regional/Propinsi";"Tidak Ada";2013;Tahun;1400000;RIAU
"Upah Minimum Regional/Propinsi";"Tidak Ada";2013;Tahun;1300000;JAMBI
"Upah Minimum Regional/Propinsi";"Tidak Ada";2013;Tahun;1630000;"SUMATERA SELATAN"
"Upah Minimum Regional/Propinsi";"Tidak Ada";2013;Tahun;1200000;BENGKULU
"Upah Minimum Regional/Propinsi";"Tidak Ada";2013;Tahun;1150000;LAMPUNG
"Upah Minimum Regional/Propinsi";"Tidak Ada";2013;Tahun;1265000;"KEP. BANGKA BELITUNG"
"Upah Minimum Regional/Propinsi";"Tidak Ada";2013;Tahun;1365087;"KEP. RIAU"
"Upah Minimum Regional/Propinsi";"Tidak Ada";2013;Tahun;2200000;"DKI JAKARTA"
"Upah Minimum Regional/Propinsi";"Tidak Ada";2013;Tahun;850000;"JAWA BARAT"
"Upah Minimum Regional/Propinsi";"Tidak Ada";2013;Tahun;830000;"JAWA TENGAH"
"Upah Minimum Regional/Propinsi";"Tidak Ada";2013;Tahun;947114;"DI YOGYAKARTA"
"Upah Minimum Regional/Propinsi";"Tidak Ada";2013;Tahun;866250;"JAWA TIMUR"
"Upah Minimum Regional/Propinsi";"Tidak Ada";2013;Tahun;1170000;BANTEN
"Upah Minimum Regional/Propinsi";"Tidak Ada";2013;Tahun;1181000;BALI
"Upah Minimum Regional/Propinsi";"Tidak Ada";2013;Tahun;1100000;"NUSA TENGGARA BARAT"
"Upah Minimum Regional/Propinsi";"Tidak Ada";2013;Tahun;1010000;"NUSA TENGGARA TIMUR"
"Upah Minimum Regional/Propinsi";"Tidak Ada";2013;Tahun;1060000;"KALIMANTAN BARAT"
"Upah Minimum Regional/Propinsi";"Tidak Ada";2013;Tahun;1553127;"KALIMANTAN TENGAH"
"Upah Minimum Regional/Propinsi";"Tidak Ada";2013;Tahun;1337500;"KALIMANTAN SELATAN"
"Upah Minimum Regional/Propinsi";"Tidak Ada";2013;Tahun;1752073;"KALIMANTAN TIMUR"
"Upah Minimum Regional/Propinsi";"Tidak Ada";2013;Tahun;-;"KALIMANTAN UTARA"
"Upah Minimum Regional/Propinsi";"Tidak Ada";2013;Tahun;1550000;"SULAWESI UTARA"
"Upah Minimum Regional/Propinsi";"Tidak Ada";2013;Tahun;995000;"SULAWESI TENGAH"
"Upah Minimum Regional/Propinsi";"Tidak Ada";2013;Tahun;1440000;"SULAWESI SELATAN"
"Upah Minimum Regional/Propinsi";"Tidak Ada";2013;Tahun;1125207;"SULAWESI TENGGARA"
"Upah Minimum Regional/Propinsi";"Tidak Ada";2013;Tahun;1175000;GORONTALO
"Upah Minimum Regional/Propinsi";"Tidak Ada";2013;Tahun;1165000;"SULAWESI BARAT"
"Upah Minimum Regional/Propinsi";"Tidak Ada";2013;Tahun;1275000;MALUKU
"Upah Minimum Regional/Propinsi";"Tidak Ada";2013;Tahun;1200622;"MALUKU UTARA"
"Upah Minimum Regional/Propinsi";"Tidak Ada";2013;Tahun;1720000;"PAPUA BARAT"
"Upah Minimum Regional/Propinsi";"Tidak Ada";2013;Tahun;1710000;PAPUA
"Upah Minimum Regional/Propinsi";"Tidak Ada";2013;Tahun;1296908;INDONESIA
"Upah Minimum Regional/Propinsi";"Tidak Ada";2014;Tahun;1750000;ACEH
"Upah Minimum Regional/Propinsi";"Tidak Ada";2014;Tahun;1505850;"SUMATERA UTARA"
"Upah Minimum Regional/Propinsi";"Tidak Ada";2014;Tahun;1490000;"SUMATERA BARAT"
"Upah Minimum Regional/Propinsi";"Tidak Ada";2014;Tahun;1700000;RIAU
"Upah Minimum Regional/Propinsi";"Tidak Ada";2014;Tahun;1502300;JAMBI
"Upah Minimum Regional/Propinsi";"Tidak Ada";2014;Tahun;1825000;"SUMATERA SELATAN"
"Upah Minimum Regional/Propinsi";"Tidak Ada";2014;Tahun;1350000;BENGKULU
"Upah Minimum Regional/Propinsi";"Tidak Ada";2014;Tahun;1399037;LAMPUNG
"Upah Minimum Regional/Propinsi";"Tidak Ada";2014;Tahun;1640000;"KEP. BANGKA BELITUNG"
"Upah Minimum Regional/Propinsi";"Tidak Ada";2014;Tahun;1665000;"KEP. RIAU"
"Upah Minimum Regional/Propinsi";"Tidak Ada";2014;Tahun;2441000;"DKI JAKARTA"
"Upah Minimum Regional/Propinsi";"Tidak Ada";2014;Tahun;1000000;"JAWA BARAT"
"Upah Minimum Regional/Propinsi";"Tidak Ada";2014;Tahun;910000;"JAWA TENGAH"
"Upah Minimum Regional/Propinsi";"Tidak Ada";2014;Tahun;988500;"DI YOGYAKARTA"
"Upah Minimum Regional/Propinsi";"Tidak Ada";2014;Tahun;1000000;"JAWA TIMUR"
"Upah Minimum Regional/Propinsi";"Tidak Ada";2014;Tahun;1325000;BANTEN
"Upah Minimum Regional/Propinsi";"Tidak Ada";2014;Tahun;1542600;BALI
"Upah Minimum Regional/Propinsi";"Tidak Ada";2014;Tahun;1210000;"NUSA TENGGARA BARAT"
"Upah Minimum Regional/Propinsi";"Tidak Ada";2014;Tahun;1150000;"NUSA TENGGARA TIMUR"
"Upah Minimum Regional/Propinsi";"Tidak Ada";2014;Tahun;1380000;"KALIMANTAN BARAT"
"Upah Minimum Regional/Propinsi";"Tidak Ada";2014;Tahun;1723970;"KALIMANTAN TENGAH"
"Upah Minimum Regional/Propinsi";"Tidak Ada";2014;Tahun;1620000;"KALIMANTAN SELATAN"
"Upah Minimum Regional/Propinsi";"Tidak Ada";2014;Tahun;1886315;"KALIMANTAN TIMUR"
"Upah Minimum Regional/Propinsi";"Tidak Ada";2014;Tahun;-;"KALIMANTAN UTARA"
"Upah Minimum Regional/Propinsi";"Tidak Ada";2014;Tahun;1900000;"SULAWESI UTARA"
"Upah Minimum Regional/Propinsi";"Tidak Ada";2014;Tahun;1250000;"SULAWESI TENGAH"
"Upah Minimum Regional/Propinsi";"Tidak Ada";2014;Tahun;1800000;"SULAWESI SELATAN"
"Upah Minimum Regional/Propinsi";"Tidak Ada";2014;Tahun;1400000;"SULAWESI TENGGARA"
"Upah Minimum Regional/Propinsi";"Tidak Ada";2014;Tahun;1325000;GORONTALO
"Upah Minimum Regional/Propinsi";"Tidak Ada";2014;Tahun;1400000;"SULAWESI BARAT"
"Upah Minimum Regional/Propinsi";"Tidak Ada";2014;Tahun;1415000;MALUKU
"Upah Minimum Regional/Propinsi";"Tidak Ada";2014;Tahun;1440746;"MALUKU UTARA"
"Upah Minimum Regional/Propinsi";"Tidak Ada";2014;Tahun;1870000;"PAPUA BARAT"
"Upah Minimum Regional/Propinsi";"Tidak Ada";2014;Tahun;2040000;PAPUA
"Upah Minimum Regional/Propinsi";"Tidak Ada";2014;Tahun;1584391;INDONESIA
"Upah Minimum Regional/Propinsi";"Tidak Ada";2015;Tahun;1900000;ACEH
"Upah Minimum Regional/Propinsi";"Tidak Ada";2015;Tahun;1625000;"SUMATERA UTARA"
"Upah Minimum Regional/Propinsi";"Tidak Ada";2015;Tahun;1615000;"SUMATERA BARAT"
"Upah Minimum Regional/Propinsi";"Tidak Ada";2015;Tahun;1878000;RIAU
"Upah Minimum Regional/Propinsi";"Tidak Ada";2015;Tahun;1710000;JAMBI
"Upah Minimum Regional/Propinsi";"Tidak Ada";2015;Tahun;1974346;"SUMATERA SELATAN"
"Upah Minimum Regional/Propinsi";"Tidak Ada";2015;Tahun;1500000;BENGKULU
"Upah Minimum Regional/Propinsi";"Tidak Ada";2015;Tahun;1581000;LAMPUNG
"Upah Minimum Regional/Propinsi";"Tidak Ada";2015;Tahun;2100000;"KEP. BANGKA BELITUNG"
"Upah Minimum Regional/Propinsi";"Tidak Ada";2015;Tahun;1954000;"KEP. RIAU"
"Upah Minimum Regional/Propinsi";"Tidak Ada";2015;Tahun;2700000;"DKI JAKARTA"
"Upah Minimum Regional/Propinsi";"Tidak Ada";2015;Tahun;1000000;"JAWA BARAT"
"Upah Minimum Regional/Propinsi";"Tidak Ada";2015;Tahun;910000;"JAWA TENGAH"
"Upah Minimum Regional/Propinsi";"Tidak Ada";2015;Tahun;988500;"DI YOGYAKARTA"
"Upah Minimum Regional/Propinsi";"Tidak Ada";2015;Tahun;1000000;"JAWA TIMUR"
"Upah Minimum Regional/Propinsi";"Tidak Ada";2015;Tahun;1600000;BANTEN
"Upah Minimum Regional/Propinsi";"Tidak Ada";2015;Tahun;1621172;BALI
"Upah Minimum Regional/Propinsi";"Tidak Ada";2015;Tahun;1330000;"NUSA TENGGARA BARAT"
"Upah Minimum Regional/Propinsi";"Tidak Ada";2015;Tahun;1250000;"NUSA TENGGARA TIMUR"
"Upah Minimum Regional/Propinsi";"Tidak Ada";2015;Tahun;1560000;"KALIMANTAN BARAT"
"Upah Minimum Regional/Propinsi";"Tidak Ada";2015;Tahun;1896367;"KALIMANTAN TENGAH"
"Upah Minimum Regional/Propinsi";"Tidak Ada";2015;Tahun;1870000;"KALIMANTAN SELATAN"
"Upah Minimum Regional/Propinsi";"Tidak Ada";2015;Tahun;2026126;"KALIMANTAN TIMUR"
"Upah Minimum Regional/Propinsi";"Tidak Ada";2015;Tahun;2026126;"KALIMANTAN UTARA"
"Upah Minimum Regional/Propinsi";"Tidak Ada";2015;Tahun;2150000;"SULAWESI UTARA"
"Upah Minimum Regional/Propinsi";"Tidak Ada";2015;Tahun;1500000;"SULAWESI TENGAH"
"Upah Minimum Regional/Propinsi";"Tidak Ada";2015;Tahun;2000000;"SULAWESI SELATAN"
"Upah Minimum Regional/Propinsi";"Tidak Ada";2015;Tahun;1652000;"SULAWESI TENGGARA"
"Upah Minimum Regional/Propinsi";"Tidak Ada";2015;Tahun;1600000;GORONTALO
"Upah Minimum Regional/Propinsi";"Tidak Ada";2015;Tahun;1655500;"SULAWESI BARAT"
"Upah Minimum Regional/Propinsi";"Tidak Ada";2015;Tahun;1650000;MALUKU
"Upah Minimum Regional/Propinsi";"Tidak Ada";2015;Tahun;1577617;"MALUKU UTARA"
"Upah Minimum Regional/Propinsi";"Tidak Ada";2015;Tahun;2015000;"PAPUA BARAT"
"Upah Minimum Regional/Propinsi";"Tidak Ada";2015;Tahun;2193000;PAPUA
"Upah Minimum Regional/Propinsi";"Tidak Ada";2015;Tahun;1790342;INDONESIA
"Upah Minimum Regional/Propinsi";"Tidak Ada";2016;Tahun;2118500;ACEH
"Upah Minimum Regional/Propinsi";"Tidak Ada";2016;Tahun;1811875;"SUMATERA UTARA"
"Upah Minimum Regional/Propinsi";"Tidak Ada";2016;Tahun;1800725;"SUMATERA BARAT"
"Upah Minimum Regional/Propinsi";"Tidak Ada";2016;Tahun;2095000;RIAU
"Upah Minimum Regional/Propinsi";"Tidak Ada";2016;Tahun;1906650;JAMBI
"Upah Minimum Regional/Propinsi";"Tidak Ada";2016;Tahun;2206000;"SUMATERA SELATAN"
"Upah Minimum Regional/Propinsi";"Tidak Ada";2016;Tahun;1605000;BENGKULU
"Upah Minimum Regional/Propinsi";"Tidak Ada";2016;Tahun;1763000;LAMPUNG
"Upah Minimum Regional/Propinsi";"Tidak Ada";2016;Tahun;2341500;"KEP. BANGKA BELITUNG"
"Upah Minimum Regional/Propinsi";"Tidak Ada";2016;Tahun;2178710;"KEP. RIAU"
"Upah Minimum Regional/Propinsi";"Tidak Ada";2016;Tahun;3100000;"DKI JAKARTA"
"Upah Minimum Regional/Propinsi";"Tidak Ada";2016;Tahun;2250000;"JAWA BARAT"
"Upah Minimum Regional/Propinsi";"Tidak Ada";2016;Tahun;-;"JAWA TENGAH"
"Upah Minimum Regional/Propinsi";"Tidak Ada";2016;Tahun;-;"DI YOGYAKARTA"
"Upah Minimum Regional/Propinsi";"Tidak Ada";2016;Tahun;-;"JAWA TIMUR"
"Upah Minimum Regional/Propinsi";"Tidak Ada";2016;Tahun;1784000;BANTEN
"Upah Minimum Regional/Propinsi";"Tidak Ada";2016;Tahun;1807600;BALI
"Upah Minimum Regional/Propinsi";"Tidak Ada";2016;Tahun;1482950;"NUSA TENGGARA BARAT"
"Upah Minimum Regional/Propinsi";"Tidak Ada";2016;Tahun;1425000;"NUSA TENGGARA TIMUR"
"Upah Minimum Regional/Propinsi";"Tidak Ada";2016;Tahun;1739400;"KALIMANTAN BARAT"
"Upah Minimum Regional/Propinsi";"Tidak Ada";2016;Tahun;2057558;"KALIMANTAN TENGAH"
"Upah Minimum Regional/Propinsi";"Tidak Ada";2016;Tahun;2085050;"KALIMANTAN SELATAN"
"Upah Minimum Regional/Propinsi";"Tidak Ada";2016;Tahun;2161253;"KALIMANTAN TIMUR"
"Upah Minimum Regional/Propinsi";"Tidak Ada";2016;Tahun;2175340;"KALIMANTAN UTARA"
"Upah Minimum Regional/Propinsi";"Tidak Ada";2016;Tahun;2400000;"SULAWESI UTARA"
"Upah Minimum Regional/Propinsi";"Tidak Ada";2016;Tahun;1670000;"SULAWESI TENGAH"
"Upah Minimum Regional/Propinsi";"Tidak Ada";2016;Tahun;2250000;"SULAWESI SELATAN"
"Upah Minimum Regional/Propinsi";"Tidak Ada";2016;Tahun;1850000;"SULAWESI TENGGARA"
"Upah Minimum Regional/Propinsi";"Tidak Ada";2016;Tahun;1875000;GORONTALO
"Upah Minimum Regional/Propinsi";"Tidak Ada";2016;Tahun;1864000;"SULAWESI BARAT"
"Upah Minimum Regional/Propinsi";"Tidak Ada";2016;Tahun;1775000;MALUKU
"Upah Minimum Regional/Propinsi";"Tidak Ada";2016;Tahun;1681266;"MALUKU UTARA"
"Upah Minimum Regional/Propinsi";"Tidak Ada";2016;Tahun;2237000;"PAPUA BARAT"
"Upah Minimum Regional/Propinsi";"Tidak Ada";2016;Tahun;2435000;PAPUA
"Upah Minimum Regional/Propinsi";"Tidak Ada";2016;Tahun;1997819;INDONESIA
